duration,language,version
0.18098619,ruby,2.3.1
0.17905137,ruby,2.3.1
0.178437787,ruby,2.3.1
0.177097536,ruby,2.3.1
0.177655809,ruby,2.3.1
0.3056063,Crystal,0.20.0
0.3116935,Crystal,0.20.0
0.3064464,Crystal,0.20.0
0.3124511,Crystal,0.20.0
0.3047295,Crystal,0.20.0
