duration,language,version
0.173316067,ruby,2.4.0
0.163747239,ruby,2.4.0
0.165133095,ruby,2.4.0
0.173721683,ruby,2.4.0
0.168119274,ruby,2.4.0
0.391,jruby,1.9.3
0.457,jruby,1.9.3
0.344,jruby,1.9.3
0.415,jruby,1.9.3
0.456,jruby,1.9.3
0.331826,Crystal,0.23.0
0.366756,Crystal,0.23.0
0.339672,Crystal,0.23.0
0.358575,Crystal,0.23.0
0.349699,Crystal,0.23.0
