duration,language,version
0.177552461,ruby,2.4.0
0.167211999,ruby,2.4.0
0.181396681,ruby,2.4.0
0.182116265,ruby,2.4.0
0.166720571,ruby,2.4.0
0.394,jruby,2.3.0
0.33,jruby,2.3.0
0.395,jruby,2.3.0
0.317,jruby,2.3.0
0.466,jruby,2.3.0
2.191187,mruby,1.3.0
2.188141,mruby,1.3.0
2.206923,mruby,1.3.0
2.188825,mruby,1.3.0
2.521952,mruby,1.3.0
0.026847,Crystal,0.23.0
0.026683,Crystal,0.23.0
0.027192,Crystal,0.23.0
0.029715,Crystal,0.23.0
0.025846,Crystal,0.23.0
