duration,language,version
0.196634056,ruby,2.4.0
0.188240992,ruby,2.4.0
0.186950774,ruby,2.4.0
0.192582308,ruby,2.4.0
0.187436684,ruby,2.4.0
2.251854,mruby,1.2.0
3.843081,mruby,1.2.0
2.426553,mruby,1.2.0
2.203694,mruby,1.2.0
2.115075,mruby,1.2.0
