duration,language,version
0.174963189,ruby,2.4.0
0.174208617,ruby,2.4.0
0.170460164,ruby,2.4.0
0.172644826,ruby,2.4.0
0.171467228,ruby,2.4.0
0.319,jruby,2.3.0
0.464,jruby,2.3.0
0.433,jruby,2.3.0
0.434,jruby,2.3.0
0.498,jruby,2.3.0
1.895233,mruby,1.9
1.900895,mruby,1.9
1.920994,mruby,1.9
1.896728,mruby,1.9
1.897498,mruby,1.9
0.0156023,Crystal,0.18.7
0.0148915,Crystal,0.18.7
0.0141981,Crystal,0.18.7
0.0143384,Crystal,0.18.7
0.0146151,Crystal,0.18.7
