duration,language,version
0.162184547,ruby,2.3.1
0.168479818,ruby,2.3.1
0.159248305,ruby,2.3.1
0.154595458,ruby,2.3.1
0.157842003,ruby,2.3.1
0.423,jruby,1.9.3
0.437,jruby,1.9.3
0.38,jruby,1.9.3
0.446,jruby,1.9.3
0.413,jruby,1.9.3
2.047506,mruby,1.9
2.052138,mruby,1.9
2.025132,mruby,1.9
2.045856,mruby,1.9
2.022962,mruby,1.9
0.152872,Crystal,0.18.7
0.1525292,Crystal,0.18.7
0.1501704,Crystal,0.18.7
0.1519081,Crystal,0.18.7
0.1531063,Crystal,0.18.7
