duration,language,version
0.189976307,ruby,2.4.0
0.192319852,ruby,2.4.0
0.187607976,ruby,2.4.0
0.188880965,ruby,2.4.0
0.188568184,ruby,2.4.0
2.199915,mruby,1.2.0
3.784542,mruby,1.2.0
2.348989,mruby,1.2.0
2.190088,mruby,1.2.0
2.068164,mruby,1.2.0
