duration,language,version
0.174639725,ruby,2.4.0
0.173676801,ruby,2.4.0
0.171319718,ruby,2.4.0
0.17048236,ruby,2.4.0
0.170324403,ruby,2.4.0
3.391282,mruby,1.9
2.952327,mruby,1.9
2.691662,mruby,1.9
2.174935,mruby,1.9
2.113281,mruby,1.9
0.0137974,Crystal,0.18.7
0.0138262,Crystal,0.18.7
0.0139283,Crystal,0.18.7
0.0138329,Crystal,0.18.7
0.0139531,Crystal,0.18.7
