duration,language,version
0.187762799,ruby,2.3.1
0.176712493,ruby,2.3.1
0.177291306,ruby,2.3.1
0.183302733,ruby,2.3.1
0.181873221,ruby,2.3.1
2.017472,mruby,1.9
2.173474,mruby,1.9
2.114429,mruby,1.9
1.986494,mruby,1.9
2.011276,mruby,1.9
0.1494514,Crystal,0.18.7
0.1376391,Crystal,0.18.7
0.1413077,Crystal,0.18.7
0.1441054,Crystal,0.18.7
0.1404941,Crystal,0.18.7
