duration,language,version
0.186740487,ruby,2.4.0
0.179963512,ruby,2.4.0
0.172779362,ruby,2.4.0
0.169902564,ruby,2.4.0
0.173025471,ruby,2.4.0
3.452188,mruby,1.2.0
2.805085,mruby,1.2.0
2.327523,mruby,1.2.0
2.087634,mruby,1.2.0
2.102067,mruby,1.2.0
