duration,language,version
0.222578905,ruby,2.3.1
0.157596845,ruby,2.3.1
0.170820806,ruby,2.3.1
0.194810551,ruby,2.3.1
0.186049023,ruby,2.3.1
0.459,jruby,1.9.3
0.354,jruby,1.9.3
0.341,jruby,1.9.3
0.425,jruby,1.9.3
0.462,jruby,1.9.3
0.1525191,Crystal,0.18.7
0.1547504,Crystal,0.18.7
0.1561565,Crystal,0.18.7
0.15166,Crystal,0.18.7
0.1546275,Crystal,0.18.7
