duration,language,version
1.539568531,ruby,2.4.0
1.509334372,ruby,2.4.0
1.529597341,ruby,2.4.0
1.567799,ruby,2.4.0
1.567344961,ruby,2.4.0
10.763464,mruby,1.2.0
11.005818,mruby,1.2.0
10.794435,mruby,1.2.0
11.002969,mruby,1.2.0
10.887246,mruby,1.2.0
0.1172769,Crystal,0.18.7
0.157061,Crystal,0.18.7
0.1066906,Crystal,0.18.7
0.1827249,Crystal,0.18.7
0.0970902,Crystal,0.18.7
