duration,language,version
1.577447282,ruby,2.3.1
1.557611993,ruby,2.3.1
1.622335947,ruby,2.3.1
1.552431151,ruby,2.3.1
1.554264661,ruby,2.3.1
0.7671593,Crystal,0.18.7
0.811292,Crystal,0.18.7
0.749951,Crystal,0.18.7
0.7766977,Crystal,0.18.7
0.7821666,Crystal,0.18.7
