duration,language,version
0.180491231,ruby,2.4.0
0.175036407,ruby,2.4.0
0.174597961,ruby,2.4.0
0.172272559,ruby,2.4.0
0.178666611,ruby,2.4.0
3.795458,mruby,1.2.0
2.432827,mruby,1.2.0
2.79757,mruby,1.2.0
3.598059,mruby,1.2.0
2.345102,mruby,1.2.0
