duration,language,version
0.16290464,ruby,2.4.0
0.163058865,ruby,2.4.0
0.156377368,ruby,2.4.0
0.180279292,ruby,2.4.0
0.160543544,ruby,2.4.0
0.327,jruby,2.3.0
0.394,jruby,2.3.0
0.378,jruby,2.3.0
0.394,jruby,2.3.0
0.408,jruby,2.3.0
1.548774,mruby,1.3.0
1.471195,mruby,1.3.0
1.514351,mruby,1.3.0
1.4711,mruby,1.3.0
1.506601,mruby,1.3.0
0.0262,Crystal,0.23.0
0.025816,Crystal,0.23.0
0.02844,Crystal,0.23.0
0.028886,Crystal,0.23.0
0.026794,Crystal,0.23.0
