duration,language,version
0.164811793,ruby,2.4.0
0.175348645,ruby,2.4.0
0.181965159,ruby,2.4.0
0.159878468,ruby,2.4.0
0.191288779,ruby,2.4.0
0.346,jruby,1.9.3
0.272,jruby,1.9.3
0.317,jruby,1.9.3
0.329,jruby,1.9.3
0.334,jruby,1.9.3
0.352206,Crystal,0.23.0
0.351596,Crystal,0.23.0
0.383234,Crystal,0.23.0
0.354843,Crystal,0.23.0
0.347373,Crystal,0.23.0
