duration,language,version
0.192454618,ruby,2.4.0
0.187405754,ruby,2.4.0
0.190224355,ruby,2.4.0
0.188811484,ruby,2.4.0
0.188780802,ruby,2.4.0
3.268365,mruby,1.2.0
3.140316,mruby,1.2.0
2.343756,mruby,1.2.0
2.109363,mruby,1.2.0
2.069632,mruby,1.2.0
